<?xml version="1.0" encoding="UTF-8"?>
<project-private xmlns="http://www.netbeans.org/ns/project-private/1">
    <editor-bookmarks xmlns="http://www.netbeans.org/ns/editor-bookmarks/2" lastBookmarkId="0"/>
    <open-files xmlns="http://www.netbeans.org/ns/projectui-open-files/2">
        <group>
            <file>file:/C:/Users/LENOVO/OneDrive/Documents/NetBeansProjects/Program%20Hitung%20Berat%20Badan%20Ideal/src/programmenentukanberatideal/Frame_Berat_Badan_Ideal.java</file>
            <file>file:/C:/Users/LENOVO/OneDrive/Documents/NetBeansProjects/Program%20Hitung%20Berat%20Badan%20Ideal/src/programmenentukanberatideal/ProgramHitungBeratBadanIdeal.java</file>
        </group>
    </open-files>
</project-private>
